COMMAND,GID,PWD,TTY,UID,USER,"_raw","_time","date_hour","date_mday","date_minute","date_month","date_second","date_wday","date_year","date_zone",euid,eventtype,from,home,host,index,linecount,name,punct,rhost,shell,source,sourcetype,"splunk_server","splunk_server_group",tag,"tag::eventtype",timeendpos,timestartpos,tty,uid,user
,,,,,,"2026-03-04T03:05:37.857202+00:00 ip-172-31-88-245 (sd-pam): pam_unix(systemd-user:session): session closed for user testuser","2026-03-04T03:05:37.857+0000",3,4,5,march,37,wednesday,2026,0,,,,,"victim-machine","victim-machine-logs",1,,"--::.+:_----_(-):_(-:):_____",,,"/var/log/auth.log",auth,"ip-172-31-84-63",,,,32,0,,,
,,,,,,"2026-03-04T03:05:27.781826+00:00 ip-172-31-88-245 systemd-logind[713]: Removed session 58.","2026-03-04T03:05:27.781+0000",3,4,5,march,27,wednesday,2026,0,,,,,"victim-machine","victim-machine-logs",1,,"--::.+:_----_-[]:___.",,,"/var/log/auth.log",auth,"ip-172-31-84-63",,,,32,0,,,
,,,,,,"2026-03-04T03:05:27.780196+00:00 ip-172-31-88-245 sudo: pam_unix(sudo:session): session closed for user root","2026-03-04T03:05:27.780+0000",3,4,5,march,27,wednesday,2026,0,,,,,"victim-machine","victim-machine-logs",1,,"--::.+:_----_:_(:):_____",,,"/var/log/auth.log",auth,"ip-172-31-84-63",,,,32,0,,,
,,,,,,"2026-03-04T03:05:27.779723+00:00 ip-172-31-88-245 su[5208]: pam_unix(su-l:session): session closed for user root","2026-03-04T03:05:27.779+0000",3,4,5,march,27,wednesday,2026,0,,,,,"victim-machine","victim-machine-logs",1,,"--::.+:_----_[]:_(-:):_____",,,"/var/log/auth.log",auth,"ip-172-31-84-63",,,,32,0,,,
,,,,,,"2026-03-04T03:05:27.779644+00:00 ip-172-31-88-245 sshd[5122]: pam_unix(sshd:session): session closed for user testuser","2026-03-04T03:05:27.779+0000",3,4,5,march,27,wednesday,2026,0,,,,,"victim-machine","victim-machine-logs",1,,"--::.+:_----_[]:_(:):_____",,,"/var/log/auth.log",auth,"ip-172-31-84-63",,,,32,0,,,
,,,,,,"2026-03-04T03:05:27.779567+00:00 ip-172-31-88-245 systemd-logind[713]: Session 58 logged out. Waiting for processes to exit.","2026-03-04T03:05:27.779+0000",3,4,5,march,27,wednesday,2026,0,,,,,"victim-machine","victim-machine-logs",1,,"--::.+:_----_-[]:____._____.",,,"/var/log/auth.log",auth,"ip-172-31-84-63",,,,32,0,,,
,,,,,,"2026-03-04T03:05:27.779433+00:00 ip-172-31-88-245 sshd[5195]: Disconnected from user testuser 35.150.52.148 port 64784","2026-03-04T03:05:27.779+0000",3,4,5,march,27,wednesday,2026,0,,,,,"victim-machine","victim-machine-logs",1,,"--::.+:_----_[]:_____...__",,,"/var/log/auth.log",auth,"ip-172-31-84-63",,,,32,0,,,
,,,,,,"2026-03-04T03:05:27.776161+00:00 ip-172-31-88-245 sshd[5195]: Received disconnect from 35.150.52.148 port 64784:11: disconnected by user","2026-03-04T03:05:27.776+0000",3,4,5,march,27,wednesday,2026,0,,,,,"victim-machine","victim-machine-logs",1,,"--::.+:_----_[]:____...__::___",,,"/var/log/auth.log",auth,"ip-172-31-84-63",,,,32,0,,,
,,,,,,"2026-03-04T03:05:01.627868+00:00 ip-172-31-88-245 CRON[5321]: pam_unix(cron:session): session closed for user root","2026-03-04T03:05:01.627+0000",3,4,5,march,1,wednesday,2026,0,,,,,"victim-machine","victim-machine-logs",1,,"--::.+:_----_[]:_(:):_____",,,"/var/log/auth.log",auth,"ip-172-31-84-63",,,,32,0,,,
,,,,,,"2026-03-04T03:05:01.624510+00:00 ip-172-31-88-245 CRON[5321]: pam_unix(cron:session): session opened for user root(uid=0) by root(uid=0)","2026-03-04T03:05:01.624+0000",3,4,5,march,1,wednesday,2026,0,,,,,"victim-machine","victim-machine-logs",1,,"--::.+:_----_[]:_(:):_____(=)__(=)",,,"/var/log/auth.log",auth,"ip-172-31-84-63",,,,32,0,,0,
,,,,,,"2026-03-04T02:57:21.420272+00:00 ip-172-31-88-245 sudo: pam_unix(sudo:session): session closed for user root","2026-03-04T02:57:21.420+0000",2,4,57,march,21,wednesday,2026,0,,,,,"victim-machine","victim-machine-logs",1,,"--::.+:_----_:_(:):_____",,,"/var/log/auth.log",auth,"ip-172-31-84-63",,,,32,0,,,
,,,,,,"2026-03-04T02:57:21.178294+00:00 ip-172-31-88-245 sudo: pam_unix(sudo:session): session opened for user root(uid=0) by testuser(uid=0)","2026-03-04T02:57:21.178+0000",2,4,57,march,21,wednesday,2026,0,,,,,"victim-machine","victim-machine-logs",1,,"--::.+:_----_:_(:):_____(=)__(=)",,,"/var/log/auth.log",auth,"ip-172-31-84-63",,,,32,0,,0,
"/usr/bin/apt",,"/root","pts/3",,root,"2026-03-04T02:57:21.177868+00:00 ip-172-31-88-245 sudo:     root : TTY=pts/3 ; PWD=/root ; USER=root ; COMMAND=/usr/bin/apt install netcat","2026-03-04T02:57:21.177+0000",2,4,57,march,21,wednesday,2026,0,,,,,"victim-machine","victim-machine-logs",1,,"--::.+:_----_:______:_=/_;_=/_;_=_;_=///__",,,"/var/log/auth.log",auth,"ip-172-31-84-63",,,,32,0,,,
,,,,,,"2026-03-04T02:56:51.953107+00:00 ip-172-31-88-245 sudo: pam_unix(sudo:session): session closed for user root","2026-03-04T02:56:51.953+0000",2,4,56,march,51,wednesday,2026,0,,,,,"victim-machine","victim-machine-logs",1,,"--::.+:_----_:_(:):_____",,,"/var/log/auth.log",auth,"ip-172-31-84-63",,,,32,0,,,
,,,,,,"2026-03-04T02:56:34.108198+00:00 ip-172-31-88-245 sudo: pam_unix(sudo:session): session opened for user root(uid=0) by testuser(uid=0)","2026-03-04T02:56:34.108+0000",2,4,56,march,34,wednesday,2026,0,,,,,"victim-machine","victim-machine-logs",1,,"--::.+:_----_:_(:):_____(=)__(=)",,,"/var/log/auth.log",auth,"ip-172-31-84-63",,,,32,0,,0,
"/usr/bin/nano",,"/root","pts/3",,root,"2026-03-04T02:56:34.107802+00:00 ip-172-31-88-245 sudo:     root : TTY=pts/3 ; PWD=/root ; USER=root ; COMMAND=/usr/bin/nano /etc/passwd","2026-03-04T02:56:34.107+0000",2,4,56,march,34,wednesday,2026,0,,,,,"victim-machine","victim-machine-logs",1,,"--::.+:_----_:______:_=/_;_=/_;_=_;_=///_//",,,"/var/log/auth.log",auth,"ip-172-31-84-63",,,,32,0,,,
,,,,,,"2026-03-04T02:55:43.068232+00:00 ip-172-31-88-245 sudo: pam_unix(sudo:session): session closed for user root","2026-03-04T02:55:43.068+0000",2,4,55,march,43,wednesday,2026,0,,,,,"victim-machine","victim-machine-logs",1,,"--::.+:_----_:_(:):_____",,,"/var/log/auth.log",auth,"ip-172-31-84-63",,,,32,0,,,
,,,,,,"2026-03-04T02:55:43.051978+00:00 ip-172-31-88-245 usermod[5269]: add 'backup_admin' to shadow group 'sudo'","2026-03-04T02:55:43.051+0000",2,4,55,march,43,wednesday,2026,0,,,,,"victim-machine","victim-machine-logs",1,,"--::.+:_----_[]:__''____''",,,"/var/log/auth.log",auth,"ip-172-31-84-63",,,,32,0,,,
,,,,,,"2026-03-04T02:55:43.051896+00:00 ip-172-31-88-245 usermod[5269]: add 'backup_admin' to group 'sudo'","2026-03-04T02:55:43.051+0000",2,4,55,march,43,wednesday,2026,0,,,,,"victim-machine","victim-machine-logs",1,,"--::.+:_----_[]:__''___''",,,"/var/log/auth.log",auth,"ip-172-31-84-63",,,,32,0,,,
,,,,,,"2026-03-04T02:55:43.035758+00:00 ip-172-31-88-245 sudo: pam_unix(sudo:session): session opened for user root(uid=0) by testuser(uid=0)","2026-03-04T02:55:43.035+0000",2,4,55,march,43,wednesday,2026,0,,,,,"victim-machine","victim-machine-logs",1,,"--::.+:_----_:_(:):_____(=)__(=)",,,"/var/log/auth.log",auth,"ip-172-31-84-63",,,,32,0,,0,
"/usr/sbin/usermod",,"/root","pts/3",,root,"2026-03-04T02:55:43.035456+00:00 ip-172-31-88-245 sudo:     root : TTY=pts/3 ; PWD=/root ; USER=root ; COMMAND=/usr/sbin/usermod -aG sudo backup_admin","2026-03-04T02:55:43.035+0000",2,4,55,march,43,wednesday,2026,0,,,,,"victim-machine","victim-machine-logs",1,,"--::.+:_----_:______:_=/_;_=/_;_=_;_=///_-__",,,"/var/log/auth.log",auth,"ip-172-31-84-63",,,,32,0,,,
,,,,,,"2026-03-04T02:55:43.030733+00:00 ip-172-31-88-245 sudo: pam_unix(sudo:session): session closed for user root","2026-03-04T02:55:43.030+0000",2,4,55,march,43,wednesday,2026,0,,,,,"victim-machine","victim-machine-logs",1,,"--::.+:_----_:_(:):_____",,,"/var/log/auth.log",auth,"ip-172-31-84-63",,,,32,0,,,
,,,,,,"2026-03-04T02:55:43.028121+00:00 ip-172-31-88-245 gpasswd[5261]: members of group users set by root to testuser,backupadmin,backup_admin","2026-03-04T02:55:43.028+0000",2,4,55,march,43,wednesday,2026,0,,,,,"victim-machine","victim-machine-logs",1,,"--::.+:_----_[]:_________,,",,,"/var/log/auth.log",auth,"ip-172-31-84-63",,,,32,0,,,
,,,,,,"2026-03-04T02:55:41.407700+00:00 ip-172-31-88-245 chfn[5253]: changed user 'backup_admin' information","2026-03-04T02:55:41.407+0000",2,4,55,march,41,wednesday,2026,0,,,,,"victim-machine","victim-machine-logs",1,,"--::.+:_----_[]:___''_",,,"/var/log/auth.log",auth,"ip-172-31-84-63",,,,32,0,,,
,,,,,,"2026-03-04T02:55:39.312666+00:00 ip-172-31-88-245 passwd[5252]: pam_unix(passwd:chauthtok): password changed for backup_admin","2026-03-04T02:55:39.312+0000",2,4,55,march,39,wednesday,2026,0,,,,,"victim-machine","victim-machine-logs",1,,"--::.+:_----_[]:_(:):____",,,"/var/log/auth.log",auth,"ip-172-31-84-63",,,,32,0,,,
,1004,,,1004,,"2026-03-04T02:55:30.592030+00:00 ip-172-31-88-245 useradd[5239]: new user: name=backup_admin, UID=1004, GID=1004, home=/home/backup_admin, shell=/bin/bash, from=/dev/pts/4","2026-03-04T02:55:30.592+0000",2,4,55,march,30,wednesday,2026,0,,,"/dev/pts/4","/home/backup_admin","victim-machine","victim-machine-logs",1,"backup_admin","--::.+:_----_[]:__:_=,_=,_=,_=//,_=//,_=///",,"/bin/bash","/var/log/auth.log",auth,"ip-172-31-84-63",,,,32,0,,,
,1004,,,,,"2026-03-04T02:55:30.566876+00:00 ip-172-31-88-245 groupadd[5232]: new group: name=backup_admin, GID=1004","2026-03-04T02:55:30.566+0000",2,4,55,march,30,wednesday,2026,0,,,,,"victim-machine","victim-machine-logs",1,"backup_admin","--::.+:_----_[]:__:_=,_=",,,"/var/log/auth.log",auth,"ip-172-31-84-63",,,,32,0,,,
,,,,,,"2026-03-04T02:55:30.565716+00:00 ip-172-31-88-245 groupadd[5232]: group added to /etc/gshadow: name=backup_admin","2026-03-04T02:55:30.565+0000",2,4,55,march,30,wednesday,2026,0,,,,,"victim-machine","victim-machine-logs",1,"backup_admin","--::.+:_----_[]:____//:_=",,,"/var/log/auth.log",auth,"ip-172-31-84-63",,,,32,0,,,
,1004,,,,,"2026-03-04T02:55:30.559168+00:00 ip-172-31-88-245 groupadd[5232]: group added to /etc/group: name=backup_admin, GID=1004","2026-03-04T02:55:30.559+0000",2,4,55,march,30,wednesday,2026,0,,,,,"victim-machine","victim-machine-logs",1,"backup_admin","--::.+:_----_[]:____//:_=,_=",,,"/var/log/auth.log",auth,"ip-172-31-84-63",,,,32,0,,,
,,,,,,"2026-03-04T02:55:30.510223+00:00 ip-172-31-88-245 sudo: pam_unix(sudo:session): session opened for user root(uid=0) by testuser(uid=0)","2026-03-04T02:55:30.510+0000",2,4,55,march,30,wednesday,2026,0,,,,,"victim-machine","victim-machine-logs",1,,"--::.+:_----_:_(:):_____(=)__(=)",,,"/var/log/auth.log",auth,"ip-172-31-84-63",,,,32,0,,0,
"/usr/sbin/adduser",,"/root","pts/3",,root,"2026-03-04T02:55:30.506756+00:00 ip-172-31-88-245 sudo:     root : TTY=pts/3 ; PWD=/root ; USER=root ; COMMAND=/usr/sbin/adduser backup_admin","2026-03-04T02:55:30.506+0000",2,4,55,march,30,wednesday,2026,0,,,,,"victim-machine","victim-machine-logs",1,,"--::.+:_----_:______:_=/_;_=/_;_=_;_=///_",,,"/var/log/auth.log",auth,"ip-172-31-84-63",,,,32,0,,,
,,,,,,"2026-03-04T02:55:01.619988+00:00 ip-172-31-88-245 CRON[5220]: pam_unix(cron:session): session closed for user root","2026-03-04T02:55:01.619+0000",2,4,55,march,1,wednesday,2026,0,,,,,"victim-machine","victim-machine-logs",1,,"--::.+:_----_[]:_(:):_____",,,"/var/log/auth.log",auth,"ip-172-31-84-63",,,,32,0,,,
,,,,,,"2026-03-04T02:55:01.617690+00:00 ip-172-31-88-245 CRON[5220]: pam_unix(cron:session): session opened for user root(uid=0) by root(uid=0)","2026-03-04T02:55:01.617+0000",2,4,55,march,1,wednesday,2026,0,,,,,"victim-machine","victim-machine-logs",1,,"--::.+:_----_[]:_(:):_____(=)__(=)",,,"/var/log/auth.log",auth,"ip-172-31-84-63",,,,32,0,,0,
,,,,,,"2026-03-04T02:54:50.179804+00:00 ip-172-31-88-245 su[5208]: pam_unix(su-l:session): session opened for user root(uid=0) by testuser(uid=0)","2026-03-04T02:54:50.179+0000",2,4,54,march,50,wednesday,2026,0,,,,,"victim-machine","victim-machine-logs",1,,"--::.+:_----_[]:_(-:):_____(=)__(=)",,,"/var/log/auth.log",auth,"ip-172-31-84-63",,,,32,0,,0,
,,,,,,"2026-03-04T02:54:50.179643+00:00 ip-172-31-88-245 su[5208]: (to root) root on pts/3","2026-03-04T02:54:50.179+0000",2,4,54,march,50,wednesday,2026,0,,,,,"victim-machine","victim-machine-logs",1,,"--::.+:_----_[]:_(_)___/",,,"/var/log/auth.log",auth,"ip-172-31-84-63",,,,32,0,,,
,,,,,,"2026-03-04T02:54:50.176858+00:00 ip-172-31-88-245 sudo: pam_unix(sudo:session): session opened for user root(uid=0) by testuser(uid=1001)","2026-03-04T02:54:50.176+0000",2,4,54,march,50,wednesday,2026,0,,,,,"victim-machine","victim-machine-logs",1,,"--::.+:_----_:_(:):_____(=)__(=)",,,"/var/log/auth.log",auth,"ip-172-31-84-63",,,,32,0,,0,
"/usr/bin/su",,"/home/testuser","pts/2",,root,"2026-03-04T02:54:50.176518+00:00 ip-172-31-88-245 sudo: testuser : TTY=pts/2 ; PWD=/home/testuser ; USER=root ; COMMAND=/usr/bin/su -","2026-03-04T02:54:50.176+0000",2,4,54,march,50,wednesday,2026,0,,,,,"victim-machine","victim-machine-logs",1,,"--::.+:_----_:__:_=/_;_=//_;_=_;_=///_-",,,"/var/log/auth.log",auth,"ip-172-31-84-63",,,,32,0,,,
,,,,,,"2026-03-04T02:53:21.220239+00:00 ip-172-31-88-245 (systemd): pam_unix(systemd-user:session): session opened for user testuser(uid=1001) by testuser(uid=0)","2026-03-04T02:53:21.220+0000",2,4,53,march,21,wednesday,2026,0,,,,,"victim-machine","victim-machine-logs",1,,"--::.+:_----_():_(-:):_____(=)__(=)",,,"/var/log/auth.log",auth,"ip-172-31-84-63",,,,32,0,,1001,
,,,,,,"2026-03-04T02:53:21.202083+00:00 ip-172-31-88-245 systemd-logind[713]: New session 58 of user testuser.","2026-03-04T02:53:21.202+0000",2,4,53,march,21,wednesday,2026,0,,,,,"victim-machine","victim-machine-logs",1,,"--::.+:_----_-[]:______.",,,"/var/log/auth.log",auth,"ip-172-31-84-63",,,,32,0,,,
,,,,,,"2026-03-04T02:53:21.197211+00:00 ip-172-31-88-245 sshd[5122]: pam_unix(sshd:session): session opened for user testuser(uid=1001) by testuser(uid=0)","2026-03-04T02:53:21.197+0000",2,4,53,march,21,wednesday,2026,0,,,,,"victim-machine","victim-machine-logs",1,,"--::.+:_----_[]:_(:):_____(=)__(=)",,,"/var/log/auth.log",auth,"ip-172-31-84-63",,,,32,0,,1001,
,,,,,,"2026-03-04T02:53:21.195971+00:00 ip-172-31-88-245 sshd[5122]: Accepted password for testuser from 35.150.52.148 port 64784 ssh2","2026-03-04T02:53:21.195+0000",2,4,53,march,21,wednesday,2026,0,,,,,"victim-machine","victim-machine-logs",1,,"--::.+:_----_[]:______...___",,,"/var/log/auth.log",auth,"ip-172-31-84-63",,,,32,0,,,
,,,,,,"2026-03-04T02:53:16.114242+00:00 ip-172-31-88-245 sshd[3502]: exited MaxStartups throttling after 00:05:15, 3 connections dropped","2026-03-04T02:53:16.114+0000",2,4,53,march,16,wednesday,2026,0,,,,,"victim-machine","victim-machine-logs",1,,"--::.+:_----_[]:_____::,___",,,"/var/log/auth.log",auth,"ip-172-31-84-63",,,,32,0,,,
,,,,,,"2026-03-04T02:48:24.356117+00:00 ip-172-31-88-245 (sd-pam): pam_unix(systemd-user:session): session closed for user testuser","2026-03-04T02:48:24.356+0000",2,4,48,march,24,wednesday,2026,0,,,,,"victim-machine","victim-machine-logs",1,,"--::.+:_----_(-):_(-:):_____",,,"/var/log/auth.log",auth,"ip-172-31-84-63",,,,32,0,,,
,,,,,,"2026-03-04T02:48:15.349094+00:00 ip-172-31-88-245 sshd[5018]: PAM service(sshd) ignoring max retries; 5 > 3","2026-03-04T02:48:15.349+0000",2,4,48,march,15,wednesday,2026,0,,,,,"victim-machine","victim-machine-logs",1,,"--::.+:_----_[]:__()___;__>_",,,"/var/log/auth.log",auth,"ip-172-31-84-63",,,,32,0,,,
,,,,,,"2026-03-04T02:48:15.349032+00:00 ip-172-31-88-245 sshd[5018]: PAM 4 more authentication failures; logname= uid=0 euid=0 tty=ssh ruser= rhost=35.150.52.148  user=testuser","2026-03-04T02:48:15.349+0000",2,4,48,march,15,wednesday,2026,0,0,,,,"victim-machine","victim-machine-logs",1,,"--::.+:_----_[]:_____;_=_=_=_=_=_=...__=","35.150.52.148",,"/var/log/auth.log",auth,"ip-172-31-84-63",,,,32,0,ssh,0,testuser
,,,,,,"2026-03-04T02:48:15.348812+00:00 ip-172-31-88-245 sshd[5018]: Connection closed by authenticating user testuser 35.150.52.148 port 63890 [preauth]","2026-03-04T02:48:15.348+0000",2,4,48,march,15,wednesday,2026,0,,,,,"victim-machine","victim-machine-logs",1,,"--::.+:_----_[]:_______...___[]",,,"/var/log/auth.log",auth,"ip-172-31-84-63",,,,32,0,,,
,,,,,,"2026-03-04T02:48:15.347213+00:00 ip-172-31-88-245 sshd[5019]: PAM service(sshd) ignoring max retries; 5 > 3","2026-03-04T02:48:15.347+0000",2,4,48,march,15,wednesday,2026,0,,,,,"victim-machine","victim-machine-logs",1,,"--::.+:_----_[]:__()___;__>_",,,"/var/log/auth.log",auth,"ip-172-31-84-63",,,,32,0,,,
,,,,,,"2026-03-04T02:48:15.347195+00:00 ip-172-31-88-245 sshd[5019]: PAM 4 more authentication failures; logname= uid=0 euid=0 tty=ssh ruser= rhost=35.150.52.148  user=testuser","2026-03-04T02:48:15.347+0000",2,4,48,march,15,wednesday,2026,0,0,,,,"victim-machine","victim-machine-logs",1,,"--::.+:_----_[]:_____;_=_=_=_=_=_=...__=","35.150.52.148",,"/var/log/auth.log",auth,"ip-172-31-84-63",,,,32,0,ssh,0,testuser
,,,,,,"2026-03-04T02:48:15.347182+00:00 ip-172-31-88-245 sshd[5016]: PAM service(sshd) ignoring max retries; 5 > 3","2026-03-04T02:48:15.347+0000",2,4,48,march,15,wednesday,2026,0,,,,,"victim-machine","victim-machine-logs",1,,"--::.+:_----_[]:__()___;__>_",,,"/var/log/auth.log",auth,"ip-172-31-84-63",,,,32,0,,,
,,,,,,"2026-03-04T02:48:15.347168+00:00 ip-172-31-88-245 sshd[5016]: PAM 4 more authentication failures; logname= uid=0 euid=0 tty=ssh ruser= rhost=35.150.52.148  user=testuser","2026-03-04T02:48:15.347+0000",2,4,48,march,15,wednesday,2026,0,0,,,,"victim-machine","victim-machine-logs",1,,"--::.+:_----_[]:_____;_=_=_=_=_=_=...__=","35.150.52.148",,"/var/log/auth.log",auth,"ip-172-31-84-63",,,,32,0,ssh,0,testuser
,,,,,,"2026-03-04T02:48:15.347138+00:00 ip-172-31-88-245 sshd[5016]: Connection closed by authenticating user testuser 35.150.52.148 port 64820 [preauth]","2026-03-04T02:48:15.347+0000",2,4,48,march,15,wednesday,2026,0,,,,,"victim-machine","victim-machine-logs",1,,"--::.+:_----_[]:_______...___[]",,,"/var/log/auth.log",auth,"ip-172-31-84-63",,,,32,0,,,
,,,,,,"2026-03-04T02:48:15.346272+00:00 ip-172-31-88-245 sshd[5013]: PAM service(sshd) ignoring max retries; 5 > 3","2026-03-04T02:48:15.346+0000",2,4,48,march,15,wednesday,2026,0,,,,,"victim-machine","victim-machine-logs",1,,"--::.+:_----_[]:__()___;__>_",,,"/var/log/auth.log",auth,"ip-172-31-84-63",,,,32,0,,,
,,,,,,"2026-03-04T02:48:15.346260+00:00 ip-172-31-88-245 sshd[5013]: PAM 4 more authentication failures; logname= uid=0 euid=0 tty=ssh ruser= rhost=35.150.52.148  user=testuser","2026-03-04T02:48:15.346+0000",2,4,48,march,15,wednesday,2026,0,0,,,,"victim-machine","victim-machine-logs",1,,"--::.+:_----_[]:_____;_=_=_=_=_=_=...__=","35.150.52.148",,"/var/log/auth.log",auth,"ip-172-31-84-63",,,,32,0,ssh,0,testuser
,,,,,,"2026-03-04T02:48:15.346241+00:00 ip-172-31-88-245 sshd[5019]: Connection closed by authenticating user testuser 35.150.52.148 port 63967 [preauth]","2026-03-04T02:48:15.346+0000",2,4,48,march,15,wednesday,2026,0,,,,,"victim-machine","victim-machine-logs",1,,"--::.+:_----_[]:_______...___[]",,,"/var/log/auth.log",auth,"ip-172-31-84-63",,,,32,0,,,
,,,,,,"2026-03-04T02:48:15.346223+00:00 ip-172-31-88-245 sshd[5010]: PAM service(sshd) ignoring max retries; 5 > 3","2026-03-04T02:48:15.346+0000",2,4,48,march,15,wednesday,2026,0,,,,,"victim-machine","victim-machine-logs",1,,"--::.+:_----_[]:__()___;__>_",,,"/var/log/auth.log",auth,"ip-172-31-84-63",,,,32,0,,,
,,,,,,"2026-03-04T02:48:15.346197+00:00 ip-172-31-88-245 sshd[5010]: PAM 4 more authentication failures; logname= uid=0 euid=0 tty=ssh ruser= rhost=35.150.52.148  user=testuser","2026-03-04T02:48:15.346+0000",2,4,48,march,15,wednesday,2026,0,0,,,,"victim-machine","victim-machine-logs",1,,"--::.+:_----_[]:_____;_=_=_=_=_=_=...__=","35.150.52.148",,"/var/log/auth.log",auth,"ip-172-31-84-63",,,,32,0,ssh,0,testuser
,,,,,,"2026-03-04T02:48:15.345620+00:00 ip-172-31-88-245 sshd[5013]: Connection closed by authenticating user testuser 35.150.52.148 port 63564 [preauth]","2026-03-04T02:48:15.345+0000",2,4,48,march,15,wednesday,2026,0,,,,,"victim-machine","victim-machine-logs",1,,"--::.+:_----_[]:_______...___[]",,,"/var/log/auth.log",auth,"ip-172-31-84-63",,,,32,0,,,
,,,,,,"2026-03-04T02:48:15.345361+00:00 ip-172-31-88-245 sshd[5010]: Connection closed by authenticating user testuser 35.150.52.148 port 64347 [preauth]","2026-03-04T02:48:15.345+0000",2,4,48,march,15,wednesday,2026,0,,,,,"victim-machine","victim-machine-logs",1,,"--::.+:_----_[]:_______...___[]",,,"/var/log/auth.log",auth,"ip-172-31-84-63",,,,32,0,,,
,,,,,,"2026-03-04T02:48:15.345156+00:00 ip-172-31-88-245 sshd[5014]: PAM service(sshd) ignoring max retries; 5 > 3","2026-03-04T02:48:15.345+0000",2,4,48,march,15,wednesday,2026,0,,,,,"victim-machine","victim-machine-logs",1,,"--::.+:_----_[]:__()___;__>_",,,"/var/log/auth.log",auth,"ip-172-31-84-63",,,,32,0,,,
,,,,,,"2026-03-04T02:48:15.345118+00:00 ip-172-31-88-245 sshd[5014]: PAM 4 more authentication failures; logname= uid=0 euid=0 tty=ssh ruser= rhost=35.150.52.148  user=testuser","2026-03-04T02:48:15.345+0000",2,4,48,march,15,wednesday,2026,0,0,,,,"victim-machine","victim-machine-logs",1,,"--::.+:_----_[]:_____;_=_=_=_=_=_=...__=","35.150.52.148",,"/var/log/auth.log",auth,"ip-172-31-84-63",,,,32,0,ssh,0,testuser
,,,,,,"2026-03-04T02:48:15.345068+00:00 ip-172-31-88-245 sshd[5014]: Connection closed by authenticating user testuser 35.150.52.148 port 64979 [preauth]","2026-03-04T02:48:15.345+0000",2,4,48,march,15,wednesday,2026,0,,,,,"victim-machine","victim-machine-logs",1,,"--::.+:_----_[]:_______...___[]",,,"/var/log/auth.log",auth,"ip-172-31-84-63",,,,32,0,,,
,,,,,,"2026-03-04T02:48:15.344583+00:00 ip-172-31-88-245 sshd[5021]: PAM service(sshd) ignoring max retries; 5 > 3","2026-03-04T02:48:15.344+0000",2,4,48,march,15,wednesday,2026,0,,,,,"victim-machine","victim-machine-logs",1,,"--::.+:_----_[]:__()___;__>_",,,"/var/log/auth.log",auth,"ip-172-31-84-63",,,,32,0,,,
,,,,,,"2026-03-04T02:48:15.344570+00:00 ip-172-31-88-245 sshd[5021]: PAM 4 more authentication failures; logname= uid=0 euid=0 tty=ssh ruser= rhost=35.150.52.148  user=testuser","2026-03-04T02:48:15.344+0000",2,4,48,march,15,wednesday,2026,0,0,,,,"victim-machine","victim-machine-logs",1,,"--::.+:_----_[]:_____;_=_=_=_=_=_=...__=","35.150.52.148",,"/var/log/auth.log",auth,"ip-172-31-84-63",,,,32,0,ssh,0,testuser
,,,,,,"2026-03-04T02:48:15.344548+00:00 ip-172-31-88-245 sshd[5021]: Connection closed by authenticating user testuser 35.150.52.148 port 64987 [preauth]","2026-03-04T02:48:15.344+0000",2,4,48,march,15,wednesday,2026,0,,,,,"victim-machine","victim-machine-logs",1,,"--::.+:_----_[]:_______...___[]",,,"/var/log/auth.log",auth,"ip-172-31-84-63",,,,32,0,,,
,,,,,,"2026-03-04T02:48:15.344517+00:00 ip-172-31-88-245 sshd[5009]: PAM service(sshd) ignoring max retries; 5 > 3","2026-03-04T02:48:15.344+0000",2,4,48,march,15,wednesday,2026,0,,,,,"victim-machine","victim-machine-logs",1,,"--::.+:_----_[]:__()___;__>_",,,"/var/log/auth.log",auth,"ip-172-31-84-63",,,,32,0,,,
,,,,,,"2026-03-04T02:48:15.343880+00:00 ip-172-31-88-245 sshd[5009]: PAM 4 more authentication failures; logname= uid=0 euid=0 tty=ssh ruser= rhost=35.150.52.148  user=testuser","2026-03-04T02:48:15.343+0000",2,4,48,march,15,wednesday,2026,0,0,,,,"victim-machine","victim-machine-logs",1,,"--::.+:_----_[]:_____;_=_=_=_=_=_=...__=","35.150.52.148",,"/var/log/auth.log",auth,"ip-172-31-84-63",,,,32,0,ssh,0,testuser
,,,,,,"2026-03-04T02:48:15.343809+00:00 ip-172-31-88-245 sshd[5009]: Connection closed by authenticating user testuser 35.150.52.148 port 64795 [preauth]","2026-03-04T02:48:15.343+0000",2,4,48,march,15,wednesday,2026,0,,,,,"victim-machine","victim-machine-logs",1,,"--::.+:_----_[]:_______...___[]",,,"/var/log/auth.log",auth,"ip-172-31-84-63",,,,32,0,,,
,,,,,,"2026-03-04T02:48:15.343529+00:00 ip-172-31-88-245 sshd[5008]: PAM service(sshd) ignoring max retries; 5 > 3","2026-03-04T02:48:15.343+0000",2,4,48,march,15,wednesday,2026,0,,,,,"victim-machine","victim-machine-logs",1,,"--::.+:_----_[]:__()___;__>_",,,"/var/log/auth.log",auth,"ip-172-31-84-63",,,,32,0,,,
,,,,,,"2026-03-04T02:48:15.343516+00:00 ip-172-31-88-245 sshd[5008]: PAM 4 more authentication failures; logname= uid=0 euid=0 tty=ssh ruser= rhost=35.150.52.148  user=testuser","2026-03-04T02:48:15.343+0000",2,4,48,march,15,wednesday,2026,0,0,,,,"victim-machine","victim-machine-logs",1,,"--::.+:_----_[]:_____;_=_=_=_=_=_=...__=","35.150.52.148",,"/var/log/auth.log",auth,"ip-172-31-84-63",,,,32,0,ssh,0,testuser
,,,,,,"2026-03-04T02:48:15.343499+00:00 ip-172-31-88-245 sshd[5008]: Connection closed by authenticating user testuser 35.150.52.148 port 65252 [preauth]","2026-03-04T02:48:15.343+0000",2,4,48,march,15,wednesday,2026,0,,,,,"victim-machine","victim-machine-logs",1,,"--::.+:_----_[]:_______...___[]",,,"/var/log/auth.log",auth,"ip-172-31-84-63",,,,32,0,,,
,,,,,,"2026-03-04T02:48:15.343484+00:00 ip-172-31-88-245 sshd[5011]: PAM service(sshd) ignoring max retries; 5 > 3","2026-03-04T02:48:15.343+0000",2,4,48,march,15,wednesday,2026,0,,,,,"victim-machine","victim-machine-logs",1,,"--::.+:_----_[]:__()___;__>_",,,"/var/log/auth.log",auth,"ip-172-31-84-63",,,,32,0,,,
,,,,,,"2026-03-04T02:48:15.343459+00:00 ip-172-31-88-245 sshd[5011]: PAM 4 more authentication failures; logname= uid=0 euid=0 tty=ssh ruser= rhost=35.150.52.148  user=testuser","2026-03-04T02:48:15.343+0000",2,4,48,march,15,wednesday,2026,0,0,,,,"victim-machine","victim-machine-logs",1,,"--::.+:_----_[]:_____;_=_=_=_=_=_=...__=","35.150.52.148",,"/var/log/auth.log",auth,"ip-172-31-84-63",,,,32,0,ssh,0,testuser
,,,,,,"2026-03-04T02:48:15.343388+00:00 ip-172-31-88-245 sshd[5011]: Connection closed by authenticating user testuser 35.150.52.148 port 62939 [preauth]","2026-03-04T02:48:15.343+0000",2,4,48,march,15,wednesday,2026,0,,,,,"victim-machine","victim-machine-logs",1,,"--::.+:_----_[]:_______...___[]",,,"/var/log/auth.log",auth,"ip-172-31-84-63",,,,32,0,,,
,,,,,,"2026-03-04T02:48:15.165162+00:00 ip-172-31-88-245 sshd[5014]: Failed password for testuser from 35.150.52.148 port 64979 ssh2","2026-03-04T02:48:15.165+0000",2,4,48,march,15,wednesday,2026,0,,,,,"victim-machine","victim-machine-logs",1,,"--::.+:_----_[]:______...___",,,"/var/log/auth.log",auth,"ip-172-31-84-63",,,,32,0,,,
,,,,,,"2026-03-04T02:48:15.162259+00:00 ip-172-31-88-245 sshd[5018]: Failed password for testuser from 35.150.52.148 port 63890 ssh2","2026-03-04T02:48:15.162+0000",2,4,48,march,15,wednesday,2026,0,,,,,"victim-machine","victim-machine-logs",1,,"--::.+:_----_[]:______...___",,,"/var/log/auth.log",auth,"ip-172-31-84-63",,,,32,0,,,
,,,,,,"2026-03-04T02:48:15.159266+00:00 ip-172-31-88-245 sshd[5013]: Failed password for testuser from 35.150.52.148 port 63564 ssh2","2026-03-04T02:48:15.159+0000",2,4,48,march,15,wednesday,2026,0,,,,,"victim-machine","victim-machine-logs",1,,"--::.+:_----_[]:______...___",,,"/var/log/auth.log",auth,"ip-172-31-84-63",,,,32,0,,,
,,,,,,"2026-03-04T02:48:15.158251+00:00 ip-172-31-88-245 sshd[5021]: Failed password for testuser from 35.150.52.148 port 64987 ssh2","2026-03-04T02:48:15.158+0000",2,4,48,march,15,wednesday,2026,0,,,,,"victim-machine","victim-machine-logs",1,,"--::.+:_----_[]:______...___",,,"/var/log/auth.log",auth,"ip-172-31-84-63",,,,32,0,,,
,,,,,,"2026-03-04T02:48:15.157684+00:00 ip-172-31-88-245 sshd[5016]: Failed password for testuser from 35.150.52.148 port 64820 ssh2","2026-03-04T02:48:15.157+0000",2,4,48,march,15,wednesday,2026,0,,,,,"victim-machine","victim-machine-logs",1,,"--::.+:_----_[]:______...___",,,"/var/log/auth.log",auth,"ip-172-31-84-63",,,,32,0,,,
,,,,,,"2026-03-04T02:48:15.153142+00:00 ip-172-31-88-245 sshd[5019]: Failed password for testuser from 35.150.52.148 port 63967 ssh2","2026-03-04T02:48:15.153+0000",2,4,48,march,15,wednesday,2026,0,,,,,"victim-machine","victim-machine-logs",1,,"--::.+:_----_[]:______...___",,,"/var/log/auth.log",auth,"ip-172-31-84-63",,,,32,0,,,
,,,,,,"2026-03-04T02:48:15.136158+00:00 ip-172-31-88-245 sshd[5011]: Failed password for testuser from 35.150.52.148 port 62939 ssh2","2026-03-04T02:48:15.136+0000",2,4,48,march,15,wednesday,2026,0,,,,,"victim-machine","victim-machine-logs",1,,"--::.+:_----_[]:______...___",,,"/var/log/auth.log",auth,"ip-172-31-84-63",,,,32,0,,,
,,,,,,"2026-03-04T02:48:15.134299+00:00 ip-172-31-88-245 sshd[5009]: Failed password for testuser from 35.150.52.148 port 64795 ssh2","2026-03-04T02:48:15.134+0000",2,4,48,march,15,wednesday,2026,0,,,,,"victim-machine","victim-machine-logs",1,,"--::.+:_----_[]:______...___",,,"/var/log/auth.log",auth,"ip-172-31-84-63",,,,32,0,,,
,,,,,,"2026-03-04T02:48:15.129902+00:00 ip-172-31-88-245 sshd[5008]: Failed password for testuser from 35.150.52.148 port 65252 ssh2","2026-03-04T02:48:15.129+0000",2,4,48,march,15,wednesday,2026,0,,,,,"victim-machine","victim-machine-logs",1,,"--::.+:_----_[]:______...___",,,"/var/log/auth.log",auth,"ip-172-31-84-63",,,,32,0,,,
,,,,,,"2026-03-04T02:48:15.088618+00:00 ip-172-31-88-245 sshd[5010]: Failed password for testuser from 35.150.52.148 port 64347 ssh2","2026-03-04T02:48:15.088+0000",2,4,48,march,15,wednesday,2026,0,,,,,"victim-machine","victim-machine-logs",1,,"--::.+:_----_[]:______...___",,,"/var/log/auth.log",auth,"ip-172-31-84-63",,,,32,0,,,
,,,,,,"2026-03-04T02:48:14.273047+00:00 ip-172-31-88-245 systemd-logind[713]: Removed session 56.","2026-03-04T02:48:14.273+0000",2,4,48,march,14,wednesday,2026,0,,,,,"victim-machine","victim-machine-logs",1,,"--::.+:_----_-[]:___.",,,"/var/log/auth.log",auth,"ip-172-31-84-63",,,,32,0,,,
,,,,,,"2026-03-04T02:48:14.272409+00:00 ip-172-31-88-245 systemd-logind[713]: Session 56 logged out. Waiting for processes to exit.","2026-03-04T02:48:14.272+0000",2,4,48,march,14,wednesday,2026,0,,,,,"victim-machine","victim-machine-logs",1,,"--::.+:_----_-[]:____._____.",,,"/var/log/auth.log",auth,"ip-172-31-84-63",,,,32,0,,,
,,,,,,"2026-03-04T02:48:14.269777+00:00 ip-172-31-88-245 sshd[5017]: pam_unix(sshd:session): session closed for user testuser","2026-03-04T02:48:14.269+0000",2,4,48,march,14,wednesday,2026,0,,,,,"victim-machine","victim-machine-logs",1,,"--::.+:_----_[]:_(:):_____",,,"/var/log/auth.log",auth,"ip-172-31-84-63",,,,32,0,,,
,,,,,,"2026-03-04T02:48:14.109199+00:00 ip-172-31-88-245 sshd[5020]: PAM service(sshd) ignoring max retries; 4 > 3","2026-03-04T02:48:14.109+0000",2,4,48,march,14,wednesday,2026,0,,,,,"victim-machine","victim-machine-logs",1,,"--::.+:_----_[]:__()___;__>_",,,"/var/log/auth.log",auth,"ip-172-31-84-63",,,,32,0,,,
,,,,,,"2026-03-04T02:48:14.109173+00:00 ip-172-31-88-245 sshd[5020]: PAM 3 more authentication failures; logname= uid=0 euid=0 tty=ssh ruser= rhost=35.150.52.148  user=testuser","2026-03-04T02:48:14.109+0000",2,4,48,march,14,wednesday,2026,0,0,,,,"victim-machine","victim-machine-logs",1,,"--::.+:_----_[]:_____;_=_=_=_=_=_=...__=","35.150.52.148",,"/var/log/auth.log",auth,"ip-172-31-84-63",,,,32,0,ssh,0,testuser
,,,,,,"2026-03-04T02:48:14.109120+00:00 ip-172-31-88-245 sshd[5020]: Connection closed by authenticating user testuser 35.150.52.148 port 62485 [preauth]","2026-03-04T02:48:14.109+0000",2,4,48,march,14,wednesday,2026,0,,,,,"victim-machine","victim-machine-logs",1,,"--::.+:_----_[]:_______...___[]",,,"/var/log/auth.log",auth,"ip-172-31-84-63",,,,32,0,,,
,,,,,,"2026-03-04T02:48:14.108400+00:00 ip-172-31-88-245 sshd[5015]: PAM service(sshd) ignoring max retries; 4 > 3","2026-03-04T02:48:14.108+0000",2,4,48,march,14,wednesday,2026,0,,,,,"victim-machine","victim-machine-logs",1,,"--::.+:_----_[]:__()___;__>_",,,"/var/log/auth.log",auth,"ip-172-31-84-63",,,,32,0,,,
,,,,,,"2026-03-04T02:48:14.108350+00:00 ip-172-31-88-245 sshd[5015]: PAM 3 more authentication failures; logname= uid=0 euid=0 tty=ssh ruser= rhost=35.150.52.148  user=testuser","2026-03-04T02:48:14.108+0000",2,4,48,march,14,wednesday,2026,0,0,,,,"victim-machine","victim-machine-logs",1,,"--::.+:_----_[]:_____;_=_=_=_=_=_=...__=","35.150.52.148",,"/var/log/auth.log",auth,"ip-172-31-84-63",,,,32,0,ssh,0,testuser
,,,,,,"2026-03-04T02:48:14.107332+00:00 ip-172-31-88-245 sshd[5015]: Connection closed by authenticating user testuser 35.150.52.148 port 64917 [preauth]","2026-03-04T02:48:14.107+0000",2,4,48,march,14,wednesday,2026,0,,,,,"victim-machine","victim-machine-logs",1,,"--::.+:_----_[]:_______...___[]",,,"/var/log/auth.log",auth,"ip-172-31-84-63",,,,32,0,,,
,,,,,,"2026-03-04T02:48:13.932680+00:00 ip-172-31-88-245 (systemd): pam_unix(systemd-user:session): session opened for user testuser(uid=1001) by testuser(uid=0)","2026-03-04T02:48:13.932+0000",2,4,48,march,13,wednesday,2026,0,,,,,"victim-machine","victim-machine-logs",1,,"--::.+:_----_():_(-:):_____(=)__(=)",,,"/var/log/auth.log",auth,"ip-172-31-84-63",,,,32,0,,1001,
,,,,,,"2026-03-04T02:48:13.921234+00:00 ip-172-31-88-245 systemd-logind[713]: New session 56 of user testuser.","2026-03-04T02:48:13.921+0000",2,4,48,march,13,wednesday,2026,0,,,,,"victim-machine","victim-machine-logs",1,,"--::.+:_----_-[]:______.",,,"/var/log/auth.log",auth,"ip-172-31-84-63",,,,32,0,,,
,,,,,,"2026-03-04T02:48:13.910747+00:00 ip-172-31-88-245 sshd[5017]: pam_unix(sshd:session): session opened for user testuser(uid=1001) by testuser(uid=0)","2026-03-04T02:48:13.910+0000",2,4,48,march,13,wednesday,2026,0,,,,,"victim-machine","victim-machine-logs",1,,"--::.+:_----_[]:_(:):_____(=)__(=)",,,"/var/log/auth.log",auth,"ip-172-31-84-63",,,,32,0,,1001,
,,,,,,"2026-03-04T02:48:13.910377+00:00 ip-172-31-88-245 sshd[5017]: Accepted password for testuser from 35.150.52.148 port 65047 ssh2","2026-03-04T02:48:13.910+0000",2,4,48,march,13,wednesday,2026,0,,,,,"victim-machine","victim-machine-logs",1,,"--::.+:_----_[]:______...___",,,"/var/log/auth.log",auth,"ip-172-31-84-63",,,,32,0,,,
,,,,,,"2026-03-04T02:48:12.526221+00:00 ip-172-31-88-245 sshd[5015]: Failed password for testuser from 35.150.52.148 port 64917 ssh2","2026-03-04T02:48:12.526+0000",2,4,48,march,12,wednesday,2026,0,,,,,"victim-machine","victim-machine-logs",1,,"--::.+:_----_[]:______...___",,,"/var/log/auth.log",auth,"ip-172-31-84-63",,,,32,0,,,
,,,,,,"2026-03-04T02:48:12.526087+00:00 ip-172-31-88-245 sshd[5020]: Failed password for testuser from 35.150.52.148 port 62485 ssh2","2026-03-04T02:48:12.526+0000",2,4,48,march,12,wednesday,2026,0,,,,,"victim-machine","victim-machine-logs",1,,"--::.+:_----_[]:______...___",,,"/var/log/auth.log",auth,"ip-172-31-84-63",,,,32,0,,,
,,,,,,"2026-03-04T02:48:12.246176+00:00 ip-172-31-88-245 sshd[5014]: Failed password for testuser from 35.150.52.148 port 64979 ssh2","2026-03-04T02:48:12.246+0000",2,4,48,march,12,wednesday,2026,0,,,,,"victim-machine","victim-machine-logs",1,,"--::.+:_----_[]:______...___",,,"/var/log/auth.log",auth,"ip-172-31-84-63",,,,32,0,,,
,,,,,,"2026-03-04T02:48:12.245574+00:00 ip-172-31-88-245 sshd[5018]: Failed password for testuser from 35.150.52.148 port 63890 ssh2","2026-03-04T02:48:12.245+0000",2,4,48,march,12,wednesday,2026,0,,,,,"victim-machine","victim-machine-logs",1,,"--::.+:_----_[]:______...___",,,"/var/log/auth.log",auth,"ip-172-31-84-63",,,,32,0,,,
,,,,,,"2026-03-04T02:48:12.236194+00:00 ip-172-31-88-245 sshd[5016]: Failed password for testuser from 35.150.52.148 port 64820 ssh2","2026-03-04T02:48:12.236+0000",2,4,48,march,12,wednesday,2026,0,,,,,"victim-machine","victim-machine-logs",1,,"--::.+:_----_[]:______...___",,,"/var/log/auth.log",auth,"ip-172-31-84-63",,,,32,0,,,
,,,,,,"2026-03-04T02:48:12.235273+00:00 ip-172-31-88-245 sshd[5008]: Failed password for testuser from 35.150.52.148 port 65252 ssh2","2026-03-04T02:48:12.235+0000",2,4,48,march,12,wednesday,2026,0,,,,,"victim-machine","victim-machine-logs",1,,"--::.+:_----_[]:______...___",,,"/var/log/auth.log",auth,"ip-172-31-84-63",,,,32,0,,,
,,,,,,"2026-03-04T02:48:12.233319+00:00 ip-172-31-88-245 sshd[5017]: Failed password for testuser from 35.150.52.148 port 65047 ssh2","2026-03-04T02:48:12.233+0000",2,4,48,march,12,wednesday,2026,0,,,,,"victim-machine","victim-machine-logs",1,,"--::.+:_----_[]:______...___",,,"/var/log/auth.log",auth,"ip-172-31-84-63",,,,32,0,,,
,,,,,,"2026-03-04T02:48:12.228238+00:00 ip-172-31-88-245 sshd[5019]: Failed password for testuser from 35.150.52.148 port 63967 ssh2","2026-03-04T02:48:12.228+0000",2,4,48,march,12,wednesday,2026,0,,,,,"victim-machine","victim-machine-logs",1,,"--::.+:_----_[]:______...___",,,"/var/log/auth.log",auth,"ip-172-31-84-63",,,,32,0,,,
,,,,,,"2026-03-04T02:48:12.227194+00:00 ip-172-31-88-245 sshd[5021]: Failed password for testuser from 35.150.52.148 port 64987 ssh2","2026-03-04T02:48:12.227+0000",2,4,48,march,12,wednesday,2026,0,,,,,"victim-machine","victim-machine-logs",1,,"--::.+:_----_[]:______...___",,,"/var/log/auth.log",auth,"ip-172-31-84-63",,,,32,0,,,
,,,,,,"2026-03-04T02:48:12.225168+00:00 ip-172-31-88-245 sshd[5009]: Failed password for testuser from 35.150.52.148 port 64795 ssh2","2026-03-04T02:48:12.225+0000",2,4,48,march,12,wednesday,2026,0,,,,,"victim-machine","victim-machine-logs",1,,"--::.+:_----_[]:______...___",,,"/var/log/auth.log",auth,"ip-172-31-84-63",,,,32,0,,,
,,,,,,"2026-03-04T02:48:12.224327+00:00 ip-172-31-88-245 sshd[5013]: Failed password for testuser from 35.150.52.148 port 63564 ssh2","2026-03-04T02:48:12.224+0000",2,4,48,march,12,wednesday,2026,0,,,,,"victim-machine","victim-machine-logs",1,,"--::.+:_----_[]:______...___",,,"/var/log/auth.log",auth,"ip-172-31-84-63",,,,32,0,,,
,,,,,,"2026-03-04T02:48:12.221574+00:00 ip-172-31-88-245 sshd[5011]: Failed password for testuser from 35.150.52.148 port 62939 ssh2","2026-03-04T02:48:12.221+0000",2,4,48,march,12,wednesday,2026,0,,,,,"victim-machine","victim-machine-logs",1,,"--::.+:_----_[]:______...___",,,"/var/log/auth.log",auth,"ip-172-31-84-63",,,,32,0,,,
,,,,,,"2026-03-04T02:48:12.170906+00:00 ip-172-31-88-245 sshd[5010]: Failed password for testuser from 35.150.52.148 port 64347 ssh2","2026-03-04T02:48:12.170+0000",2,4,48,march,12,wednesday,2026,0,,,,,"victim-machine","victim-machine-logs",1,,"--::.+:_----_[]:______...___",,,"/var/log/auth.log",auth,"ip-172-31-84-63",,,,32,0,,,
,,,,,,"2026-03-04T02:48:09.938259+00:00 ip-172-31-88-245 sshd[5020]: Failed password for testuser from 35.150.52.148 port 62485 ssh2","2026-03-04T02:48:09.938+0000",2,4,48,march,9,wednesday,2026,0,,,,,"victim-machine","victim-machine-logs",1,,"--::.+:_----_[]:______...___",,,"/var/log/auth.log",auth,"ip-172-31-84-63",,,,32,0,,,
,,,,,,"2026-03-04T02:48:09.938109+00:00 ip-172-31-88-245 sshd[5015]: Failed password for testuser from 35.150.52.148 port 64917 ssh2","2026-03-04T02:48:09.938+0000",2,4,48,march,9,wednesday,2026,0,,,,,"victim-machine","victim-machine-logs",1,,"--::.+:_----_[]:______...___",,,"/var/log/auth.log",auth,"ip-172-31-84-63",,,,32,0,,,
,,,,,,"2026-03-04T02:48:09.606608+00:00 ip-172-31-88-245 sshd[5014]: Failed password for testuser from 35.150.52.148 port 64979 ssh2","2026-03-04T02:48:09.606+0000",2,4,48,march,9,wednesday,2026,0,,,,,"victim-machine","victim-machine-logs",1,,"--::.+:_----_[]:______...___",,,"/var/log/auth.log",auth,"ip-172-31-84-63",,,,32,0,,,
,,,,,,"2026-03-04T02:48:09.593416+00:00 ip-172-31-88-245 sshd[5008]: Failed password for testuser from 35.150.52.148 port 65252 ssh2","2026-03-04T02:48:09.593+0000",2,4,48,march,9,wednesday,2026,0,,,,,"victim-machine","victim-machine-logs",1,,"--::.+:_----_[]:______...___",,,"/var/log/auth.log",auth,"ip-172-31-84-63",,,,32,0,,,
,,,,,,"2026-03-04T02:48:09.589265+00:00 ip-172-31-88-245 sshd[5021]: Failed password for testuser from 35.150.52.148 port 64987 ssh2","2026-03-04T02:48:09.589+0000",2,4,48,march,9,wednesday,2026,0,,,,,"victim-machine","victim-machine-logs",1,,"--::.+:_----_[]:______...___",,,"/var/log/auth.log",auth,"ip-172-31-84-63",,,,32,0,,,
,,,,,,"2026-03-04T02:48:09.583281+00:00 ip-172-31-88-245 sshd[5018]: Failed password for testuser from 35.150.52.148 port 63890 ssh2","2026-03-04T02:48:09.583+0000",2,4,48,march,9,wednesday,2026,0,,,,,"victim-machine","victim-machine-logs",1,,"--::.+:_----_[]:______...___",,,"/var/log/auth.log",auth,"ip-172-31-84-63",,,,32,0,,,
,,,,,,"2026-03-04T02:48:09.557809+00:00 ip-172-31-88-245 sshd[5017]: Failed password for testuser from 35.150.52.148 port 65047 ssh2","2026-03-04T02:48:09.557+0000",2,4,48,march,9,wednesday,2026,0,,,,,"victim-machine","victim-machine-logs",1,,"--::.+:_----_[]:______...___",,,"/var/log/auth.log",auth,"ip-172-31-84-63",,,,32,0,,,
,,,,,,"2026-03-04T02:48:09.478215+00:00 ip-172-31-88-245 sshd[5009]: Failed password for testuser from 35.150.52.148 port 64795 ssh2","2026-03-04T02:48:09.478+0000",2,4,48,march,9,wednesday,2026,0,,,,,"victim-machine","victim-machine-logs",1,,"--::.+:_----_[]:______...___",,,"/var/log/auth.log",auth,"ip-172-31-84-63",,,,32,0,,,
,,,,,,"2026-03-04T02:48:09.477282+00:00 ip-172-31-88-245 sshd[5010]: Failed password for testuser from 35.150.52.148 port 64347 ssh2","2026-03-04T02:48:09.477+0000",2,4,48,march,9,wednesday,2026,0,,,,,"victim-machine","victim-machine-logs",1,,"--::.+:_----_[]:______...___",,,"/var/log/auth.log",auth,"ip-172-31-84-63",,,,32,0,,,
,,,,,,"2026-03-04T02:48:09.472024+00:00 ip-172-31-88-245 sshd[5016]: Failed password for testuser from 35.150.52.148 port 64820 ssh2","2026-03-04T02:48:09.472+0000",2,4,48,march,9,wednesday,2026,0,,,,,"victim-machine","victim-machine-logs",1,,"--::.+:_----_[]:______...___",,,"/var/log/auth.log",auth,"ip-172-31-84-63",,,,32,0,,,
,,,,,,"2026-03-04T02:48:09.463720+00:00 ip-172-31-88-245 sshd[5019]: Failed password for testuser from 35.150.52.148 port 63967 ssh2","2026-03-04T02:48:09.463+0000",2,4,48,march,9,wednesday,2026,0,,,,,"victim-machine","victim-machine-logs",1,,"--::.+:_----_[]:______...___",,,"/var/log/auth.log",auth,"ip-172-31-84-63",,,,32,0,,,
,,,,,,"2026-03-04T02:48:09.452476+00:00 ip-172-31-88-245 sshd[5011]: Failed password for testuser from 35.150.52.148 port 62939 ssh2","2026-03-04T02:48:09.452+0000",2,4,48,march,9,wednesday,2026,0,,,,,"victim-machine","victim-machine-logs",1,,"--::.+:_----_[]:______...___",,,"/var/log/auth.log",auth,"ip-172-31-84-63",,,,32,0,,,
,,,,,,"2026-03-04T02:48:09.430136+00:00 ip-172-31-88-245 sshd[5013]: Failed password for testuser from 35.150.52.148 port 63564 ssh2","2026-03-04T02:48:09.430+0000",2,4,48,march,9,wednesday,2026,0,,,,,"victim-machine","victim-machine-logs",1,,"--::.+:_----_[]:______...___",,,"/var/log/auth.log",auth,"ip-172-31-84-63",,,,32,0,,,
,,,,,,"2026-03-04T02:48:06.567973+00:00 ip-172-31-88-245 sshd[5014]: Failed password for testuser from 35.150.52.148 port 64979 ssh2","2026-03-04T02:48:06.567+0000",2,4,48,march,6,wednesday,2026,0,,,,,"victim-machine","victim-machine-logs",1,,"--::.+:_----_[]:______...___",,,"/var/log/auth.log",auth,"ip-172-31-84-63",,,,32,0,,,
,,,,,,"2026-03-04T02:48:06.094323+00:00 ip-172-31-88-245 sshd[5020]: Failed password for testuser from 35.150.52.148 port 62485 ssh2","2026-03-04T02:48:06.094+0000",2,4,48,march,6,wednesday,2026,0,,,,,"victim-machine","victim-machine-logs",1,,"--::.+:_----_[]:______...___",,,"/var/log/auth.log",auth,"ip-172-31-84-63",,,,32,0,,,
,,,,,,"2026-03-04T02:48:06.094223+00:00 ip-172-31-88-245 sshd[5018]: Failed password for testuser from 35.150.52.148 port 63890 ssh2","2026-03-04T02:48:06.094+0000",2,4,48,march,6,wednesday,2026,0,,,,,"victim-machine","victim-machine-logs",1,,"--::.+:_----_[]:______...___",,,"/var/log/auth.log",auth,"ip-172-31-84-63",,,,32,0,,,
,,,,,,"2026-03-04T02:48:06.093242+00:00 ip-172-31-88-245 sshd[5016]: Failed password for testuser from 35.150.52.148 port 64820 ssh2","2026-03-04T02:48:06.093+0000",2,4,48,march,6,wednesday,2026,0,,,,,"victim-machine","victim-machine-logs",1,,"--::.+:_----_[]:______...___",,,"/var/log/auth.log",auth,"ip-172-31-84-63",,,,32,0,,,
,,,,,,"2026-03-04T02:48:06.088296+00:00 ip-172-31-88-245 sshd[5017]: Failed password for testuser from 35.150.52.148 port 65047 ssh2","2026-03-04T02:48:06.088+0000",2,4,48,march,6,wednesday,2026,0,,,,,"victim-machine","victim-machine-logs",1,,"--::.+:_----_[]:______...___",,,"/var/log/auth.log",auth,"ip-172-31-84-63",,,,32,0,,,
,,,,,,"2026-03-04T02:48:06.088204+00:00 ip-172-31-88-245 sshd[5013]: Failed password for testuser from 35.150.52.148 port 63564 ssh2","2026-03-04T02:48:06.088+0000",2,4,48,march,6,wednesday,2026,0,,,,,"victim-machine","victim-machine-logs",1,,"--::.+:_----_[]:______...___",,,"/var/log/auth.log",auth,"ip-172-31-84-63",,,,32,0,,,
,,,,,,"2026-03-04T02:48:06.087254+00:00 ip-172-31-88-245 sshd[5015]: Failed password for testuser from 35.150.52.148 port 64917 ssh2","2026-03-04T02:48:06.087+0000",2,4,48,march,6,wednesday,2026,0,,,,,"victim-machine","victim-machine-logs",1,,"--::.+:_----_[]:______...___",,,"/var/log/auth.log",auth,"ip-172-31-84-63",,,,32,0,,,
,,,,,,"2026-03-04T02:48:06.083957+00:00 ip-172-31-88-245 sshd[5010]: Failed password for testuser from 35.150.52.148 port 64347 ssh2","2026-03-04T02:48:06.083+0000",2,4,48,march,6,wednesday,2026,0,,,,,"victim-machine","victim-machine-logs",1,,"--::.+:_----_[]:______...___",,,"/var/log/auth.log",auth,"ip-172-31-84-63",,,,32,0,,,
,,,,,,"2026-03-04T02:48:06.077205+00:00 ip-172-31-88-245 sshd[5011]: Failed password for testuser from 35.150.52.148 port 62939 ssh2","2026-03-04T02:48:06.077+0000",2,4,48,march,6,wednesday,2026,0,,,,,"victim-machine","victim-machine-logs",1,,"--::.+:_----_[]:______...___",,,"/var/log/auth.log",auth,"ip-172-31-84-63",,,,32,0,,,
,,,,,,"2026-03-04T02:48:06.075353+00:00 ip-172-31-88-245 sshd[5008]: Failed password for testuser from 35.150.52.148 port 65252 ssh2","2026-03-04T02:48:06.075+0000",2,4,48,march,6,wednesday,2026,0,,,,,"victim-machine","victim-machine-logs",1,,"--::.+:_----_[]:______...___",,,"/var/log/auth.log",auth,"ip-172-31-84-63",,,,32,0,,,
,,,,,,"2026-03-04T02:48:06.074312+00:00 ip-172-31-88-245 sshd[5021]: Failed password for testuser from 35.150.52.148 port 64987 ssh2","2026-03-04T02:48:06.074+0000",2,4,48,march,6,wednesday,2026,0,,,,,"victim-machine","victim-machine-logs",1,,"--::.+:_----_[]:______...___",,,"/var/log/auth.log",auth,"ip-172-31-84-63",,,,32,0,,,
,,,,,,"2026-03-04T02:48:06.063189+00:00 ip-172-31-88-245 sshd[5019]: Failed password for testuser from 35.150.52.148 port 63967 ssh2","2026-03-04T02:48:06.063+0000",2,4,48,march,6,wednesday,2026,0,,,,,"victim-machine","victim-machine-logs",1,,"--::.+:_----_[]:______...___",,,"/var/log/auth.log",auth,"ip-172-31-84-63",,,,32,0,,,
,,,,,,"2026-03-04T02:48:06.044279+00:00 ip-172-31-88-245 sshd[5009]: Failed password for testuser from 35.150.52.148 port 64795 ssh2","2026-03-04T02:48:06.044+0000",2,4,48,march,6,wednesday,2026,0,,,,,"victim-machine","victim-machine-logs",1,,"--::.+:_----_[]:______...___",,,"/var/log/auth.log",auth,"ip-172-31-84-63",,,,32,0,,,
,,,,,,"2026-03-04T02:48:03.151161+00:00 ip-172-31-88-245 sshd[5020]: Failed password for testuser from 35.150.52.148 port 62485 ssh2","2026-03-04T02:48:03.151+0000",2,4,48,march,3,wednesday,2026,0,,,,,"victim-machine","victim-machine-logs",1,,"--::.+:_----_[]:______...___",,,"/var/log/auth.log",auth,"ip-172-31-84-63",,,,32,0,,,
,,,,,,"2026-03-04T02:48:03.150227+00:00 ip-172-31-88-245 sshd[5015]: Failed password for testuser from 35.150.52.148 port 64917 ssh2","2026-03-04T02:48:03.150+0000",2,4,48,march,3,wednesday,2026,0,,,,,"victim-machine","victim-machine-logs",1,,"--::.+:_----_[]:______...___",,,"/var/log/auth.log",auth,"ip-172-31-84-63",,,,32,0,,,
,,,,,,"2026-03-04T02:48:03.146630+00:00 ip-172-31-88-245 sshd[5011]: Failed password for testuser from 35.150.52.148 port 62939 ssh2","2026-03-04T02:48:03.146+0000",2,4,48,march,3,wednesday,2026,0,,,,,"victim-machine","victim-machine-logs",1,,"--::.+:_----_[]:______...___",,,"/var/log/auth.log",auth,"ip-172-31-84-63",,,,32,0,,,
,,,,,,"2026-03-04T02:48:03.146511+00:00 ip-172-31-88-245 sshd[5017]: Failed password for testuser from 35.150.52.148 port 65047 ssh2","2026-03-04T02:48:03.146+0000",2,4,48,march,3,wednesday,2026,0,,,,,"victim-machine","victim-machine-logs",1,,"--::.+:_----_[]:______...___",,,"/var/log/auth.log",auth,"ip-172-31-84-63",,,,32,0,,,
,,,,,,"2026-03-04T02:48:03.143800+00:00 ip-172-31-88-245 sshd[5016]: Failed password for testuser from 35.150.52.148 port 64820 ssh2","2026-03-04T02:48:03.143+0000",2,4,48,march,3,wednesday,2026,0,,,,,"victim-machine","victim-machine-logs",1,,"--::.+:_----_[]:______...___",,,"/var/log/auth.log",auth,"ip-172-31-84-63",,,,32,0,,,
,,,,,,"2026-03-04T02:48:03.132629+00:00 ip-172-31-88-245 sshd[5018]: Failed password for testuser from 35.150.52.148 port 63890 ssh2","2026-03-04T02:48:03.132+0000",2,4,48,march,3,wednesday,2026,0,,,,,"victim-machine","victim-machine-logs",1,,"--::.+:_----_[]:______...___",,,"/var/log/auth.log",auth,"ip-172-31-84-63",,,,32,0,,,
,,,,,,"2026-03-04T02:48:03.132488+00:00 ip-172-31-88-245 sshd[5010]: Failed password for testuser from 35.150.52.148 port 64347 ssh2","2026-03-04T02:48:03.132+0000",2,4,48,march,3,wednesday,2026,0,,,,,"victim-machine","victim-machine-logs",1,,"--::.+:_----_[]:______...___",,,"/var/log/auth.log",auth,"ip-172-31-84-63",,,,32,0,,,
,,,,,,"2026-03-04T02:48:03.128501+00:00 ip-172-31-88-245 sshd[5019]: Failed password for testuser from 35.150.52.148 port 63967 ssh2","2026-03-04T02:48:03.128+0000",2,4,48,march,3,wednesday,2026,0,,,,,"victim-machine","victim-machine-logs",1,,"--::.+:_----_[]:______...___",,,"/var/log/auth.log",auth,"ip-172-31-84-63",,,,32,0,,,
,,,,,,"2026-03-04T02:48:03.128394+00:00 ip-172-31-88-245 sshd[5009]: Failed password for testuser from 35.150.52.148 port 64795 ssh2","2026-03-04T02:48:03.128+0000",2,4,48,march,3,wednesday,2026,0,,,,,"victim-machine","victim-machine-logs",1,,"--::.+:_----_[]:______...___",,,"/var/log/auth.log",auth,"ip-172-31-84-63",,,,32,0,,,
,,,,,,"2026-03-04T02:48:03.124228+00:00 ip-172-31-88-245 sshd[5021]: Failed password for testuser from 35.150.52.148 port 64987 ssh2","2026-03-04T02:48:03.124+0000",2,4,48,march,3,wednesday,2026,0,,,,,"victim-machine","victim-machine-logs",1,,"--::.+:_----_[]:______...___",,,"/var/log/auth.log",auth,"ip-172-31-84-63",,,,32,0,,,
,,,,,,"2026-03-04T02:48:03.041384+00:00 ip-172-31-88-245 sshd[5014]: Failed password for testuser from 35.150.52.148 port 64979 ssh2","2026-03-04T02:48:03.041+0000",2,4,48,march,3,wednesday,2026,0,,,,,"victim-machine","victim-machine-logs",1,,"--::.+:_----_[]:______...___",,,"/var/log/auth.log",auth,"ip-172-31-84-63",,,,32,0,,,
,,,,,,"2026-03-04T02:48:03.040748+00:00 ip-172-31-88-245 sshd[5013]: Failed password for testuser from 35.150.52.148 port 63564 ssh2","2026-03-04T02:48:03.040+0000",2,4,48,march,3,wednesday,2026,0,,,,,"victim-machine","victim-machine-logs",1,,"--::.+:_----_[]:______...___",,,"/var/log/auth.log",auth,"ip-172-31-84-63",,,,32,0,,,
,,,,,,"2026-03-04T02:48:02.969630+00:00 ip-172-31-88-245 sshd[5008]: Failed password for testuser from 35.150.52.148 port 65252 ssh2","2026-03-04T02:48:02.969+0000",2,4,48,march,2,wednesday,2026,0,,,,,"victim-machine","victim-machine-logs",1,,"--::.+:_----_[]:______...___",,,"/var/log/auth.log",auth,"ip-172-31-84-63",,,,32,0,,,
,,,,,,"2026-03-04T02:48:00.975149+00:00 ip-172-31-88-245 sshd[5020]: pam_unix(sshd:auth): authentication failure; logname= uid=0 euid=0 tty=ssh ruser= rhost=35.150.52.148  user=testuser","2026-03-04T02:48:00.975+0000",2,4,48,march,0,wednesday,2026,0,0,,,,"victim-machine","victim-machine-logs",1,,"--::.+:_----_[]:_(:):__;_=_=_=_=_=_=...__=","35.150.52.148",,"/var/log/auth.log",auth,"ip-172-31-84-63",,,,32,0,ssh,0,testuser
,,,,,,"2026-03-04T02:48:00.974660+00:00 ip-172-31-88-245 sshd[5015]: pam_unix(sshd:auth): authentication failure; logname= uid=0 euid=0 tty=ssh ruser= rhost=35.150.52.148  user=testuser","2026-03-04T02:48:00.974+0000",2,4,48,march,0,wednesday,2026,0,0,,,,"victim-machine","victim-machine-logs",1,,"--::.+:_----_[]:_(:):__;_=_=_=_=_=_=...__=","35.150.52.148",,"/var/log/auth.log",auth,"ip-172-31-84-63",,,,32,0,ssh,0,testuser
,,,,,,"2026-03-04T02:48:00.973268+00:00 ip-172-31-88-245 sshd[5017]: pam_unix(sshd:auth): authentication failure; logname= uid=0 euid=0 tty=ssh ruser= rhost=35.150.52.148  user=testuser","2026-03-04T02:48:00.973+0000",2,4,48,march,0,wednesday,2026,0,0,,,,"victim-machine","victim-machine-logs",1,,"--::.+:_----_[]:_(:):__;_=_=_=_=_=_=...__=","35.150.52.148",,"/var/log/auth.log",auth,"ip-172-31-84-63",,,,32,0,ssh,0,testuser
,,,,,,"2026-03-04T02:48:00.973154+00:00 ip-172-31-88-245 sshd[5011]: pam_unix(sshd:auth): authentication failure; logname= uid=0 euid=0 tty=ssh ruser= rhost=35.150.52.148  user=testuser","2026-03-04T02:48:00.973+0000",2,4,48,march,0,wednesday,2026,0,0,,,,"victim-machine","victim-machine-logs",1,,"--::.+:_----_[]:_(:):__;_=_=_=_=_=_=...__=","35.150.52.148",,"/var/log/auth.log",auth,"ip-172-31-84-63",,,,32,0,ssh,0,testuser
,,,,,,"2026-03-04T02:48:00.967284+00:00 ip-172-31-88-245 sshd[5016]: pam_unix(sshd:auth): authentication failure; logname= uid=0 euid=0 tty=ssh ruser= rhost=35.150.52.148  user=testuser","2026-03-04T02:48:00.967+0000",2,4,48,march,0,wednesday,2026,0,0,,,,"victim-machine","victim-machine-logs",1,,"--::.+:_----_[]:_(:):__;_=_=_=_=_=_=...__=","35.150.52.148",,"/var/log/auth.log",auth,"ip-172-31-84-63",,,,32,0,ssh,0,testuser
,,,,,,"2026-03-04T02:48:00.956373+00:00 ip-172-31-88-245 sshd[5018]: pam_unix(sshd:auth): authentication failure; logname= uid=0 euid=0 tty=ssh ruser= rhost=35.150.52.148  user=testuser","2026-03-04T02:48:00.956+0000",2,4,48,march,0,wednesday,2026,0,0,,,,"victim-machine","victim-machine-logs",1,,"--::.+:_----_[]:_(:):__;_=_=_=_=_=_=...__=","35.150.52.148",,"/var/log/auth.log",auth,"ip-172-31-84-63",,,,32,0,ssh,0,testuser
,,,,,,"2026-03-04T02:48:00.954177+00:00 ip-172-31-88-245 sshd[5009]: pam_unix(sshd:auth): authentication failure; logname= uid=0 euid=0 tty=ssh ruser= rhost=35.150.52.148  user=testuser","2026-03-04T02:48:00.954+0000",2,4,48,march,0,wednesday,2026,0,0,,,,"victim-machine","victim-machine-logs",1,,"--::.+:_----_[]:_(:):__;_=_=_=_=_=_=...__=","35.150.52.148",,"/var/log/auth.log",auth,"ip-172-31-84-63",,,,32,0,ssh,0,testuser
,,,,,,"2026-03-04T02:48:00.954053+00:00 ip-172-31-88-245 sshd[5010]: pam_unix(sshd:auth): authentication failure; logname= uid=0 euid=0 tty=ssh ruser= rhost=35.150.52.148  user=testuser","2026-03-04T02:48:00.954+0000",2,4,48,march,0,wednesday,2026,0,0,,,,"victim-machine","victim-machine-logs",1,,"--::.+:_----_[]:_(:):__;_=_=_=_=_=_=...__=","35.150.52.148",,"/var/log/auth.log",auth,"ip-172-31-84-63",,,,32,0,ssh,0,testuser
,,,,,,"2026-03-04T02:48:00.948147+00:00 ip-172-31-88-245 sshd[5021]: pam_unix(sshd:auth): authentication failure; logname= uid=0 euid=0 tty=ssh ruser= rhost=35.150.52.148  user=testuser","2026-03-04T02:48:00.948+0000",2,4,48,march,0,wednesday,2026,0,0,,,,"victim-machine","victim-machine-logs",1,,"--::.+:_----_[]:_(:):__;_=_=_=_=_=_=...__=","35.150.52.148",,"/var/log/auth.log",auth,"ip-172-31-84-63",,,,32,0,ssh,0,testuser
,,,,,,"2026-03-04T02:48:00.947912+00:00 ip-172-31-88-245 sshd[5019]: pam_unix(sshd:auth): authentication failure; logname= uid=0 euid=0 tty=ssh ruser= rhost=35.150.52.148  user=testuser","2026-03-04T02:48:00.947+0000",2,4,48,march,0,wednesday,2026,0,0,,,,"victim-machine","victim-machine-logs",1,,"--::.+:_----_[]:_(:):__;_=_=_=_=_=_=...__=","35.150.52.148",,"/var/log/auth.log",auth,"ip-172-31-84-63",,,,32,0,ssh,0,testuser
,,,,,,"2026-03-04T02:48:00.864374+00:00 ip-172-31-88-245 sshd[5013]: pam_unix(sshd:auth): authentication failure; logname= uid=0 euid=0 tty=ssh ruser= rhost=35.150.52.148  user=testuser","2026-03-04T02:48:00.864+0000",2,4,48,march,0,wednesday,2026,0,0,,,,"victim-machine","victim-machine-logs",1,,"--::.+:_----_[]:_(:):__;_=_=_=_=_=_=...__=","35.150.52.148",,"/var/log/auth.log",auth,"ip-172-31-84-63",,,,32,0,ssh,0,testuser
,,,,,,"2026-03-04T02:48:00.857236+00:00 ip-172-31-88-245 sshd[5014]: pam_unix(sshd:auth): authentication failure; logname= uid=0 euid=0 tty=ssh ruser= rhost=35.150.52.148  user=testuser","2026-03-04T02:48:00.857+0000",2,4,48,march,0,wednesday,2026,0,0,,,,"victim-machine","victim-machine-logs",1,,"--::.+:_----_[]:_(:):__;_=_=_=_=_=_=...__=","35.150.52.148",,"/var/log/auth.log",auth,"ip-172-31-84-63",,,,32,0,ssh,0,testuser
,,,,,,"2026-03-04T02:48:00.792852+00:00 ip-172-31-88-245 sshd[5008]: pam_unix(sshd:auth): authentication failure; logname= uid=0 euid=0 tty=ssh ruser= rhost=35.150.52.148  user=testuser","2026-03-04T02:48:00.792+0000",2,4,48,march,0,wednesday,2026,0,0,,,,"victim-machine","victim-machine-logs",1,,"--::.+:_----_[]:_(:):__;_=_=_=_=_=_=...__=","35.150.52.148",,"/var/log/auth.log",auth,"ip-172-31-84-63",,,,32,0,ssh,0,testuser
,,,,,,"2026-03-04T02:48:00.389306+00:00 ip-172-31-88-245 sshd[3502]: drop connection #10 from [35.150.52.148]:64323 on [172.31.88.245]:22 past MaxStartups","2026-03-04T02:48:00.389+0000",2,4,48,march,0,wednesday,2026,0,,,,,"victim-machine","victim-machine-logs",1,,"--::.+:_----_[]:___#__[...]:__[...]:__",,,"/var/log/auth.log",auth,"ip-172-31-84-63",,,,32,0,,,
,,,,,,"2026-03-04T02:48:00.389235+00:00 ip-172-31-88-245 sshd[3502]: error: beginning MaxStartups throttling","2026-03-04T02:48:00.389+0000",2,4,48,march,0,wednesday,2026,0,,,,,"victim-machine","victim-machine-logs",1,,"--::.+:_----_[]:_:___",,,"/var/log/auth.log",auth,"ip-172-31-84-63",,,,32,0,,,
,,,,,,"2026-03-04T02:48:00.083845+00:00 ip-172-31-88-245 sshd[5006]: Disconnected from authenticating user testuser 35.150.52.148 port 65103 [preauth]","2026-03-04T02:48:00.083+0000",2,4,48,march,0,wednesday,2026,0,,,,,"victim-machine","victim-machine-logs",1,,"--::.+:_----_[]:______...___[]",,,"/var/log/auth.log",auth,"ip-172-31-84-63",,,,32,0,,,
,,,,,,"2026-03-04T02:48:00.083638+00:00 ip-172-31-88-245 sshd[5006]: Received disconnect from 35.150.52.148 port 65103:11: Bye Bye [preauth]","2026-03-04T02:48:00.083+0000",2,4,48,march,0,wednesday,2026,0,,,,,"victim-machine","victim-machine-logs",1,,"--::.+:_----_[]:____...__::___[]",,,"/var/log/auth.log",auth,"ip-172-31-84-63",,,,32,0,,,
